[
  {
    "title": "Infinity Ou",
    "description": "Play Eggs Win Cars!",
    "imageUrl": "https://s3.mytel.com.mm/myid-ui/70e24c8e-58c3-4d06-a0d3-1aed21b3e17d-900x600-pixel-min.png",
    "iconUrl": "https://s3.mytel.com.mm/myid-ui/dd8671d0-2d70-4a17-bfc2-80cb9538e1f3-ezgif.com-resize%20%281%29.gif",
    "linkUrl ": "https://myidgo.mytel.com.mm/?uuid=d76d97c8d3351be3a26c0f5edf00131c&mcuid=58e88a766de8a4628fd62173ac0f91c2&mcapp=myid",
    "value": "InfinityOu"
  },
  {
    "title": "CK Lottery",
    "description": "Win Money 💰",
    "imageUrl": "https://raw.githubusercontent.com/kyaw889878/Mytel/refs/heads/main/IMG_20250621_141841_833.jpg",
    "iconUrl": "https://raw.githubusercontent.com/kyaw889878/Mytel/refs/heads/main/IMG_20250621_141841_833.jpg",
    "linkUrl": "http://www.cklottery.info/#/register?invitationCode=21345385051",
    "value": 1
  },
  {
    "title": "Pirate War",
    "description": "Battle Fun and Win Big!",
    "imageUrl": "https://ftth.mytel.com.mm/image/banner-myid/PiratewarMiniBanner3.jpg",
    "iconUrl": "https://s3.mytel.com.mm/myid-ui/45c8cb5d-5a3d-48d9-9673-4c7b166b62bf-animationiconpirate-ezgif.com-resize.gif",
    "linkUrl": "http://piratemya.ugame.vn/?uuid=fd279643f62bebfd5e44da1f4884f2a7",
    "value": "PirateWar"
  },
  {
    "title": "MyLand",
    "description": "Grow and win iPhone 14 Pro!",
    "imageUrl": "https://ftth.mytel.com.mm/image/banner-myid/MyLandMini_Banner1.jpg",
    "iconUrl": "https://s3.mytel.com.mm/myid-ui/90e5bac3-bd50-42b8-a430-4a288934c4ef-output-onlinegiftools (2).gif",
    "linkUrl": "http://farmmytel.ugame.vn/?uuid=6bdb9488816bceaeb9bb596a0d18312c",
    "value": "MyLand"
  }
]