[
  {
    "game_id": "SW5maW5pdHkgT1U=",
    "game_image_path": "games/InfinityOU.png",
    "game_name": "Infinity OU",
    "status": "Active",
    "game_url": "https://myidgo.mytel.com.mm?mcuid=c9697bb144de680e291699a81d0dc0a6&mcapp=myid",
    "file_path": "asset/InfinityOU/"
  },
  {
    "game_id": "UGlyYXRlIFdhcg==",
    "game_image_path": "games/PirateWar.png",
    "game_name": "Pirate War"
    "status": "Active",
    "game_url": "http://piratemya.ugame.vn/?uuid=da139f67d070864245bd7f82fa792aec&mcuid=93a01df31e6082644961de31fda754ab&mcapp=myid"
    "file_path": "asset/PirateWar/"
  }
]